id,title,description,photo
,Omelette nature,"Un délicieux gâteau au chocolat, parfait pour les occasions spéciales.",omellete.jpg
,Poireau à la vinaigre,Une salade légère et saine à base de quinoa et de légumes frais.,poireau.jpg
,salade pate au thon,Une tarte classique aux pommes avec une croûte feuilletée croustillante.,salade.jpg
,Tacos Comorienne,"Un délicieux gâteau au chocolat, parfait pour les occasions spéciales.",tacos.jpg
,tortila facile(Comorien),Une salade légère et saine à base de quinoa et de légumes frais.,tortila.jpg
,Oeufs Cocotte,Une tarte classique aux pommes avec une croûte feuilletée croustillante.,oeuf.jpg
