id,name,picture
1,banane jaune,banane.jpg
2,beurre,beurre.jpg
3,crepe à la hiver,crepe-hiver.jpg
,gateau aux oranges,gateau_orange.webp
,gateau à la tartine,gateau_tartine.jpg
,gateau au four,gateau-four.jpg
,glace hivernale,glace.jpg
,mandarine dessert,mandarine.jpg
,mangue,mangue.jpg
,multi-fruit hivernale,multifruit-hiver.jpg
,orange,orange.jpg
,pain au moelle,pain-moelle.jpg
,poisseau au four,poisseau-four.jpg
,gateau au pomme,pomme_gateau.jpg
,raisin blanc,raisin.jpg
,raisin noir,raisin_noir.jpg
,raisin hiver,raisin-hiver.jpg
,tarta à la banane,tarte-tatin-banane.webp
,winter hivernale,winter-hiver.jpg

